1;100 г баранины, 80 г виноградных листьев, 5 г риса, 20 г репчатого лука, 50 г мацуна, 2 г чеснока, соль перец, зелень чабреца, мяты, кинзы, базилика, майорана. [Рецепты национальных кухонь: Армения (2000-2005)] [омонимия снята]
1;Молодой гусь ( 4- 5 кг), пол- лимона, соль, свежемолотый чёрный перец, яблоки, чернослив и репчатый лук для начинки. [Рецепты национальных кухонь: Скандинавская кухня (2000-2005)] [омонимия снята]
1;Кальмары отварить с морковью,репчатым луком и лавровым листом, охладить и нарезать кольцами. [Светлана Ткачева. Новый год и звезды // «100% здоровья», 2002.11.11] [омонимия снята]
1;Кое-кто завёл себе на пирсе маленькие огородики, выворотил булыжник, взрыхлил землю и посадил репчатый лук и редис. [Василий Аксенов. Пора, мой друг, пора (1963)] [омонимия снята]
1;Сеть фрешмаркетов « Лайм» удивила нас испанским репчатым луком ( отечественного там нет), пельменями Pelmenit Helsingfors Tapaan из Финляндии и крабовым мясом по-французски из Литвы. [Сергей Тихонов. Эмбарго с отсрочкой исполнения // «Эксперт», 2015] [омонимия не снята]
1;Туда отправляем мелко нарезанными репчатый лук, копченый бекон или сырое жирное мясо, имбирь, сладкий перец, острый перец, всяческие приправы. [Григорий Тарасевич. Фейжоада: кастрюля бразильской истории // «Русский репортер», 2014] [омонимия не снята]
1;Слегка поджарьте на сковородке нарезанный репчатый лук, залейте его маслом, а потом этой горячей смесью заправьте морковку. [Юлия Никитина. Путь корейской морковки // «Русский репортер», 2013] [омонимия не снята]
1;Из другой поездки привез нам мешок репчатого лука, трехлитровую бутыль подсолнечного масла. [Р. Б. Ахмедов. Промельки (2011)] [омонимия не снята]
1;И хотя они были из очень плохой муки, с начинкой из соленой хамсы или репчатого лука, нам казались они удивительно вкусными. [Марина Сосенкова. Как спасали Белую дачу в годы Отечественной войны // «Знание - сила», 2010] [омонимия не снята]
1;Интересно, что местный магазин, торгующий семенами, под красноречивым для Данилова названием « Чипполино», предлагает несколько десятков разнообразных сортов и гибридов репчатого лука, но они особым спросом не пользуются. [Венедикт Дадыкин. Ай да «репка»! // «Наука и жизнь», 2009] [омонимия не снята]
1;Изящно выглядят на тёмном фоне нитевидные корешки репчатого лука. [Людмила Белецкая. Флористическая живопись // «Наука и жизнь», 2009] [омонимия не снята]
1;Очень вкусная получается тушёнка, именуемая в нашей семье « корова на лугу»: возьмите мелко нарезанный репчатый лук, обжарьте его на растительном масле до начала пожелтения, добавьте нарезанный борщевик, снова немного поджарьте и добавьте томатную пасту или помидоры. [Наталья Замятина. Мой друг борщевик // «Наука и жизнь», 2009] [омонимия не снята]
1;Варёные яичные желтки протереть сквозь сито, смешать с сухой горчицей, солью, перцем, мелко нарезанным репчатым луком, укропом и зеленью кинзы. [И. Сокольский. Кашу маслом не испортишь? // «Наука и жизнь», 2008] [омонимия не снята]
1;300 г очищенного репчатого лука мелко нашинкуйте и слегка обжарьте на растительном масле. [Г. Поскребышева. Красна изба пирогами // «Наука и жизнь», 2007] [омонимия не снята]
1;200 г очищенного репчатого лука нарежьте кубиками и слегка обжарьте на растительном масле. [Г. Поскребышева. Красна изба пирогами // «Наука и жизнь», 2007] [омонимия не снята]
1;Соедините измельченные отваренные и сырые грибы, пассерованный репчатый лук и 1 стакан отварного риса. [Г. Поскребышева. Красна изба пирогами // «Наука и жизнь», 2007] [омонимия не снята]
1;Для приготовления бульона добавьте в отвар пассерованный репчатый лук и мелкие сырые шампиньоны, прокипятите его 2- 3 минуты, а при подаче на стол заправьте измельченной зеленью укропа. [Г. Поскребышева. Красна изба пирогами // «Наука и жизнь», 2007] [омонимия не снята]
1;200 г очищенного репчатого лука мелко нарежьте, обжарьте на курином жире и смешайте с измельченным куриным мясом. [Г. Поскребышева. Красна изба пирогами // «Наука и жизнь», 2007] [омонимия не снята]
1;200 г очищенного репчатого лука мелко нарежьте и обжарьте на растительном масле. [Г. Поскребышева. Красна изба пирогами // «Наука и жизнь», 2007] [омонимия не снята]
1;Продукты на 3 порции: 500 г филе трески или другой рыбы, 4 яйца, 250 г репчатого лука, половина чашки дробленой кукурузной крупы, 2 столовые ложки картофельного крахмала ( без верха), 50 мл простокваши, сметаны или кефира, немного соли и сливочного масла. [Л. Колесникова. Запеканка на обед // «Наука и жизнь», 2007] [омонимия не снята]
1;Продукты на 3 порции: 500 г вареной курицы, 4 яйца, 1 чашка дробленой кукурузной крупы, 1 столовая ложка с верхом картофельного крахмала, 2 головки репчатого лука, 1 морковь, 100 г шампиньонов, немного сметаны и сливочного масла. [Л. Колесникова. Запеканка на обед // «Наука и жизнь», 2007] [омонимия не снята]
1;100 г руколы, 200 г болгарского перца, 1 большой помидор, 100 г репчатого лука, 100 г листового салата, 30 г оливкового масла, 1 лимон, соль, молотый черный перец по вкусу. [обобщенный. Блюда с руколой и горчицей // «Наука и жизнь», 2007] [омонимия не снята]
1;В сковороде разогреть оливковое масло. Репчатый лук нарезать полукольцами и обжарить в масле. [обобщенный. Блюда с руколой и горчицей // «Наука и жизнь», 2007] [омонимия не снята]
1;От 1 до 2, 5 рубля за фунт или 10- 15 копеек за лот стоили семена луковых культур (репчатого, лука- порея, шнитт-лука). [обобщенный. Садоводу на заметку. Рефераты // «Наука и жизнь», 2007] [омонимия не снята]
1;Были и гости из более близких краев ― например, с благодатного Кавказа,  ― за их столами вино лилось рекой, а острый запах шашлыков и репчатого лука разносился по всему залу, щекоча ноздри, там звучали громкие голоса, иногда срывающиеся в гортанный запев. [А. Е. Рекемчук. Мамонты (2006)] [омонимия не снята]
1;Но жизнь не стоит на месте, и, придя в магазин, под ценником « сельдерей» мы вместо пучка зелени обнаруживаем нечто, напоминающее по внешнему виду свеклу, а под ценником « фенхель» видим что-то, похожее на белесый репчатый лук. [И. Сокольский. Сельдерей и фенхель // «Наука и жизнь», 2006] [омонимия не снята]
1;Так, китайская капуста сортов Ласточка и Веснянка не повреждается капустной белянкой, сорта репчатого лука Ботерус, Сигма, Тэрвин, Мячковский 300, Одинцовец, Золотничок, Ранний Розовый, Бородковский, пригодные для выращивания лука- репки за один сезон, а также лук- батун сорта Изумрудный не боятся пероноспороза. [обобщенный. Рефераты. Садоводу — на заметку // «Наука и жизнь», 2006] [омонимия не снята]
1;Например, репчатый лук сортов Азелрос, Альвина, Атас с высоким содержанием витамина С и флавоноидов обладает противоопухолевым действием, чеснок сортов Петровский, Цезарь ( озимый), Гулливер ( яровой) ― источник селена, среднепоздний сорт белокочанной капусты Парус богат сахарами и пищевой клетчаткой, сеют его прямо в грунт без предварительного выращивания рассады. [обобщенный. Рефераты. Садоводу — на заметку // «Наука и жизнь», 2006] [омонимия не снята]
1;Как богат, сытен и обилен русский стол, а при этом мы не говорим еще о скоблянке с присушенной на огромной сковороде картошкой, о блинах политых топленым маслом или густой, как вар, сметаной, о гороховом и молочном киселе, которые можно резать ножом, об отварных, с солёным огурцом, почках, о жаренной с репчатым луком и томленой в сметане печёнкой, о пирогах с мясом, капустой, грибами [Сергей Есин. Марбург (2005)] [омонимия не снята]
1;2. Репчатый лук очистить и, нарезав дольками, обжарить в растительном масле до золотистого цвета. [Жаркое с выдумкой // «Лиза», 2005] [омонимия не снята]
1;мясо поперек на 2 части. Репчатый лук, чеснок и перец чили очистить и мелко нарезать. [Экзотические блюда от «Штурвала» // «Лиза», 2005] [омонимия не снята]
1;Добавить мелко нарезанный репчатый лук с чесноком и тушить 1 минуту. [Экзотические блюда от «Штурвала» // «Лиза», 2005] [омонимия не снята]
1;От репчатого лука, томатов, баклажанов и винограда подвоха ждать не приходится, а вот свекла, редис, капуста, укроп и сельдерей могут содержать токсины. [Леонид Павлов. Когда очищаешь тело, становится легко на душе // «Даша», 2004] [омонимия не снята]
1;Мидии от датской фирмы Lico ( 340 г) уже приправлены сладким и острым перцем, репчатым луком, и уксусом, которые придадут салату остроту. [Ресторан на дому: устроим праздник для любимых друзей! // «Даша», 2004] [омонимия не снята]
1;Нарезанные овощи: 1 морковь, 1 головка репчатого лука, 6 картофелин опустить в кастрюлю с водой и варить на слабом огне до готовности. [Фирменный рецепт // «Приазовский край», 2004.10.07] [омонимия не снята]
1;И Нину Ивановну Догадаеву, которая гордится как раз высокими урожаями репчатого лука. [Анатолий Наумов. Лауреаты малых соток // «Петербургский Час пик», 2003.09.03] [омонимия не снята]
1;Взять соленые или маринованные белые грибы, подберезовики, подосиновики или другие, мелко нарубить, добавить нашинкованный репчатый лук, поджаренный на растительном масле. [Илья Лазерсон, Сергей Синельников, Татьяна Соломоник. Архиерейские грузди, нет сопливей! // «Петербургский Час пик», 2003.09.24] [омонимия не снята]
1;Икру выложить в салатницу и украсить кружочками репчатого лука или мелко нарезанным зеленым луком. [Илья Лазерсон, Сергей Синельников, Татьяна Соломоник. Архиерейские грузди, нет сопливей! // «Петербургский Час пик», 2003.09.24] [омонимия не снята]
1;Размельченные грибы обжарить вместе с репчатым луком, добавить сметану, яичный желток, сваренный в соленой воде рис, перемешать с взбитым яичным белком. [Илья Лазерсон, Сергей Синельников, Татьяна Соломоник. Грибоедовское // «Петербургский Час пик», 2003.09.17] [омонимия не снята]
1;Затем всыпать гречневую крупу, добавить нарезанный кольцами репчатый лук, посолить и варить до готовности крупы. [Илья Лазерсон, Сергей Синельников, Татьяна Соломоник. Грибоедовское // «Петербургский Час пик», 2003.09.17] [омонимия не снята]
1;Нарезайте как для салата, добавьте по вкусу репчатый лук, чеснок, соль, перец. [Илья Лазерсон, Сергей Синельников, Татьяна Соломоник. Я из всего шашлык сделаю! // «Петербургский Час пик», 2003.09.03] [омонимия не снята]
1;На 3 порции: 500 г баранины ( мякоти), 50 г риса, 700 г капусты, 50 г чернослива, по 3 веточки зелени кинзы, эстрагона, сельдерея и базилика, 250 г репчатого лука, по 300 г фейхоа и айвы ( или кислых яблок), соль ― по вкусу. [Ольга Федорова. Вундеркинд из Бразилии // «Семейный доктор», 2003.11.15] [омонимия не снята]
1;В каждый лист заверните фарш и положите в кастрюлю, прослоив нарезанным кружками репчатым луком, чередуя с ломтиками фейхоа и айвы. [Ольга Федорова. Вундеркинд из Бразилии // «Семейный доктор», 2003.11.15] [омонимия не снята]
1;Посадка на окне репчатого лука для получения зелени/ 1- 2 ( с 13 ч), 5- 7 ( до 14 ч), 11 ( с 14 ч) ― 12 ( до 14 ч), 18 ( с 10 ч) - 19 ( до 10 ч), 20 ( с 11 ч) - 21 ( до 11 ч), 27  ( с 13 ч) - 29 ( до 21 ч)  [Тамара Асс. Календарь земледельца // «Сельская новь», 2003.11.11] [омонимия не снята]
1;Для получения свежей зелени выращиваю на окне репчатый лук, выгоняю зелень свеклы, высеиваю семена кресс-салата, листовой горчицы, огуречной травы, кинзы, петрушки, сельдерея. [Тамара Асс. Календарь земледельца // «Сельская новь», 2003.12.16] [омонимия не снята]
1;2. Средняя рассада ( посев семян с 15 марта по 10 апреля) ― позднеспелые сорта белокочанной капусты, томат, перец, баклажан, огурцы, кабачки, арбузы, дыни, репчатый лук, брокколи, кольраби, краснокочанная, цветная, пекинская, брюссельская капуста, свекла столовая. [Юрий Андреев. Все начинается с рассады // «Сад своими руками», 2003.05.15] [омонимия не снята]
1;Профилактическая мера ― опрыскивание раствором шелухи репчатого лука. [Вера Криппа. И будете как огурчик! // «Вечерняя Москва», 2002.05.16] [омонимия не снята]
1;1 кг спелых помидоров, 150 г сухариков из неочищенной пшеничной муки, огурец средних размеров, 2 зубчика чеснока, головка репчатого лука, стручок болгарского перца, 250 г оливкового масла, 1 ч. ложка. уксуса ( лучше винного). [Инна Щепеткова. Оле, олива! // «Семейный доктор», 2002.05.15] [омонимия не снята]
1;Минимальным их накоплением характеризуются томаты, репчатый лук, яблони, вишни, сливы, смородина, крыжовник. [Наталия Ковалева. О необходимости смотреть под ноги, или Чем опасна почва // «Сад своими руками», 2002.12.15] [омонимия не снята]
1;Нашинковать кольцами репчатый лук и, добавляя белое сухое вино ( 1 стакан на 2 кг мяса), еще раз перемешать, приминая мясо пальцами. [Татьяна Веденеева. Рецепты для пикника от Татьяны Веденеевой специально для журнала «Загородная жизнь» // «Homes & Gardens», 2002.09.13] [омонимия не снята]
1;Смешать сливочное масло с мелко порезанным репчатым луком, зеленью петрушки и молотым черным перцем. [Юрий Зубцов. Мужской разговор, или бордо с пельменями // «Домовой», 2002.02.04] [омонимия не снята]
1;"В фарш добавить отваренный до полуготовности рис, мелко нарезанный репчатый лук, кинзу, мяту, базилик, чабрец, майоран, соль, перец; фарш тщательно перемешать. [Яна Абрамова. Севанская форель // «100% здоровья», 2002.11.11] [омонимия не снята]"
1;В процеженный бульон положить куски курицы, мелко нарезанный и обжаренный репчатый лук, поджаренную и разведенную бульоном муку и довести до кипения. [Яна Абрамова. Севанская форель // «100% здоровья», 2002.11.11] [омонимия не снята]
1;Необходимые ингредиенты из расчета на четырех человек: 4 стакана риса  ( лучше продолговатого), 300 г свежих или мороженых неочищенных креветок, 500 г королевских креветок, 500 г тигровых креветок, 2 некрупных кальмара или каракатицы, 2 небольших головки репчатого лука, 2- 3 зубчика чеснока, 1 красный болгарский перец, соль и оливковое масло. [Татьяна Буржинская. Испания ― солнечная страна коррид и серенад // «Туризм и образование», 2001.03.15] [омонимия не снята]
1;Листья посолить, слегка помять и дать постоять в прохладном месте 15- 20 минут, после чего смешать с черешками, посыпать мелко рубленным репчатым луком и полить смесью майонеза с растительным маслом. [Что у нас на обед (2000)] [омонимия не снята]
1;Сваренные вкрутую яйца порубить, смешать с крапивой, подорожником, рубленым репчатым луком. [Что у нас на обед (2000)] [омонимия не снята]
1;700 г вареных белых грибов, 50 г репчатого лука, 250 г майонеза, зелень петрушки, соль, черный молотый перец. [Что у нас на обед (2000)] [омонимия не снята]
1;300 г соленых или маринованных грибов, 400 г отварного картофеля, 500 г репчатого лука, черный молотый перец, соль, 1 стакан сметаны. [Что у нас на обед (2000)] [омонимия не снята]
1;Положить в кастрюлю, налить холодную воду из расчета 4- 5 л на 1 кг, добавить петрушку и репчатый лук, закрыть крышкой и нагревать до кипения. [Что у нас на обед (2000)] [омонимия не снята]
1;В нем торговали обросшей комьями земли картошкой, вялой капустой, репчатым луком, похожим на смазочное масло повидлом и ржавыми банками с молдавским борщом. [Евгений Рубин. Пан или пропал. Жизнеописание (1999-2000)] [омонимия не снята]
1;Селедка, политая постным маслом и, словно одеялом, укрытая слоем крупно нарезанного репчатого лука, ломтики полукопченой колбасы, винегрет ― вот и вся закуска. [Евгений Рубин. Пан или пропал. Жизнеописание (1999-2000)] [омонимия не снята]
1;Известно много сортов лука: лук репчатый, лук- порей, лук- шалот, лук- батун и др. [Т. А. Гаврилова, Т. М. Воробьева. Домашнее консервирование (1999)] [омонимия не снята]
1;На 3 кг капусты, 1 кг моркови, 1 кг репчатого лука, 0, 5 кг сладкого перца, 400 г растительного масла, 0, 75 стакана 3- процентного уксуса, 0, 5 стакана сахара, 1 ст. ложка соли. [Т. А. Гаврилова, Т. М. Воробьева. Домашнее консервирование (1999)] [омонимия не снята]
1;Капусту нарезать крупными кусками, морковь кружочками, репчатый лук кольцами, перец соломкой и поместить все в большую посуду. [Т. А. Гаврилова, Т. М. Воробьева. Домашнее консервирование (1999)] [омонимия не снята]
1;Нашинкованную капусту перетирают с солью, смешивают с нарезанной морковью и белым сладким репчатым луком ( 1 кг на 20 кг капусты), пересыпают черным перцем- горошком, лавровым листом, после утрамбовки придавливают гнетом. [Т. А. Гаврилова, Т. М. Воробьева. Домашнее консервирование (1999)] [омонимия не снята]
1;Очищенный репчатый лук нарезать кружочками или пластинками, а затем на более мелкие кусочки. [Т. А. Гаврилова, Т. М. Воробьева. Домашнее консервирование (1999)] [омонимия не снята]
1;Нарезать 2 головки репчатого лука и пучок укропа, добавить 250 г сухой горчицы и 5 ст. ложек сахара, 0, 25 ст. ложки уксуса. [Т. А. Гаврилова, Т. М. Воробьева. Домашнее консервирование (1999)] [омонимия не снята]
1;В этом году, как только по радио прозвучали первые предупреждения медиков о надвигающемся особо зловредном гриппе с высокой температурой и симптомами отравления, Евгений немедленно начал есть витамины пригоршнями и запихивать в себя на ночь ненавистный репчатый лук, но все равно свалился с температурой под сорок и изматывающей рвотой. [Александра Маринина. Мужские игры (1997)] [омонимия не снята]
1;Начинается торговля репчатым луком. [Андрей Балдин. Московские праздные дни (1997)] [омонимия не снята]
1;Кольраби по-немецки ( на 5 порций): нарежьте 500 г капусты соломкой, смешайте с 2 головками мелко нашинкованного репчатого лука, добавьте 3 столовые ложки растительного масла и припустите. [В. Мещерякова, В. Мухин. Капустник // «Здоровье», 1997.12.15] [омонимия не снята]
1;В нем плавали ошметки мутно- прозрачного, как медуза, репчатого лука. [Дуня Смирнова. Рыбий жир // «Столица», 1997.10.28] [омонимия не снята]
1;Другие предлагают вареные бобы, утопленные накануне в растительном масле и замаскированные кружочками репчатого лука ― с ними у нас тоже мало общего. [Николай Фохт. Моя лобиография // «Столица», 1997.04.01] [омонимия не снята]
1;Купив в Елисеевском гастрономе репчатого лука с гнильцой, пытливый корреспондент немедленно отправился за жалобной книгой к администратору. [Дорогая моя столица // «Столица», 1997.08.26] [омонимия не снята]
1;Нам понадобится один килограмм говяжий вырезки ( средней или хвостовой ее части), 600 граммов сливок жирностью не менее 38 процентов, одна столовая ложка сливочного масла, немного растительного, одна столовая ложка нарезанного репчатого лука, долька чеснока, 50 граммов хорошего коньяка ( ребята, хо- ро- ше- го, а не так себе!  [Мясо по переписке // «Столица», 1997.12.08] [омонимия не снята]
1;В сковородку добавляется сливочное масло и мелко нарезанный репчатый лук. [Мясо по переписке // «Столица», 1997.12.08] [омонимия не снята]
1;Нарезать кубиками репчатый лук и поджарить его на сливочном масле до полуготовности. [Рыба по имени Солнце // «Столица», 1997.10.28] [омонимия не снята]
1;Татьяна не мешала ей, вымыла посуду, что-то мурлыкая себе под нос, приготовила жидкое тесто для блинов, которыми будет потчевать вернувшегося с работы мужа, и замариновала в подслащенном уксусе репчатый лук. [Александра Маринина. Светлый лик смерти (1996)] [омонимия не снята]
1;продолжал государственный лауреат, заботливо снимая со лба Телятникова кружочки тонко порезанного репчатого лука. [Николай Дежнев. В концертном исполнении (1993)] [омонимия не снята]
1;Смесь овощей: 250 граммов моркови, 250 граммов петрушки, 250 граммов сладкого перца, 250 граммов репчатого лука, 250 граммов зелени укропа промойте, очистите и нашинкуйте. [В. В. Чумакова. Витамины на зиму // «Здоровье», 1991] [омонимия не снята]
1;Посыпьте сверху рубленым репчатым луком и порошком растворимого кофе. [Рецепты // «Трамвай», 1990] [омонимия не снята]
1;Соус ореховый: толченые орехи развести уксусом, добавить кипяченую воду, рубленый репчатый лук, толченый чеснок, соль, красный перец, зелень мяты и кинзы. [Рецепты // «Работница», 1989] [омонимия не снята]
1;Итак, кроме капусты, огурцов, помидоров, в той же самой посуде посолите свеклу, морковь, репу, редьку, редиску, цветную капусту, кабачки, репчатый лук, чеснок, петрушку ― все эти овощи или те, которые у вас есть. [В. Михайлов. Солим по-новому // «Работница», 1988] [омонимия не снята]
1;воде, затем откинуть на сито. Репчатый лук спассеровать на разогретом масле, прибавить отваренную крапиву и измельченную зелень киндзы. [Е. Касминская. Поджаристый... лопух // «Работница», 1988] [омонимия не снята]
1;120 г репчатого лука, 8 яиц, зелень киндзы и соль ― по вкусу. [Е. Касминская. Поджаристый... лопух // «Работница», 1988] [омонимия не снята]
1;Но даже в этом многоцветье « даров» бросился в глаза золотисто- розовый ― крупный, сухой как на подбор ― репчатый лук. [Маргарита Федотова. Малая семья в большой экономике // «Сельская новь», 1988] [омонимия не снята]
1;Выращивают помидоры, капусту, репчатый лук и лук на перо, болгарский перец, чеснок, укроп. [Маргарита Федотова. Малая семья в большой экономике // «Сельская новь», 1988] [омонимия не снята]
1;Морковь, тушенная с репчатым луком. [На гарнир — морковь // «Сельская новь», 1988] [омонимия не снята]
1;700 г картофеля, 100 г моркови, 80 г репчатого лука, 40 г корня петрушки, 80 г зерен вареной кукурузы, 60 г топленого масла, 200 г томатного соуса, специи, зелень. [Рецепты // «Работница», 1988] [омонимия не снята]
1;Для фарша: 500 г говядины ( можно свинину, баранину, птицу), 100 г шпика, 100 г репчатого лука, 50 г молока, 30 г муки, 50 г жира, перец черный. [Рецепты // «Работница», 1988] [омонимия не снята]
1;Для гарнира: 500 г картофеля, 200 г моркови, 150 г репчатого лука, 100 г зеленого горошка, 100 г столового маргарина. [Рецепты // «Работница», 1988] [омонимия не снята]
1;Это ― бобы, горох, фасоль, редис, репа, редька, чеснок, репчатый лук, щавель, шпинат. [Что «любит» и «не любит» печень // «Сельская новь», 1988] [омонимия не снята]
1;Только теперь я не чистил и не жарил их, а прямо в кожуре, расщепив руками на дольки, как обычно разламывают мандарины, стелил толстым слоем в подмасленную эмалированную кастрюлю, добавлял перец, лавровый лист, репчатый лук, мелкую столовую соль и загонял в духовку газовой плиты. [А. Семенов. Грибы для непьющих // «Химия и жизнь», 1986] [омонимия не снята]
1;Важно, что директор каждой из четырех овощных баз Омска уже в июне знает, сколько картофеля, капусты, свеклы, моркови, репчатого лука предполагается заложить на хранение, из какого хозяйства предстоит их везти, и тогда уже решает, какие силы для этого потребуются, что конкретно им предстоит делать. [С. Тимашев. Чем хорош омский овощ // «Химия и жизнь», 1985] [омонимия не снята]
1;Едва не покупаю длинную связку золотистого репчатого лука. [Геннадий Алексеев. Зеленые берега (1983-1984)] [омонимия не снята]
1;Правильно, и сразу же отдать ей долг, и заказать селедочку, масляно поблескивающую, жирную, тающую, ломтиками, посыпанную мелко нарезанным зеленым лучком, а к ней три- четыре рассыпчатых картофелины и тут же кубик масла прямо из ледяной воды, и бутылочку « пльзеньского» ( нет- нет, без этого не обойдется, я это заслужил сегодня) … И еще соленые грузди, сопливенькие, в соку, вперемешку с репчатым луком кольчиками… А притушив [Аркадий Стругацкий, Борис Стругацкий. Хромая судьба (1982)] [омонимия не снята]
1;Сам же Данилов мог всю жизнь провести в своем городке, разводить в огороде ярославский репчатый лук, а теперь уж и покоиться смиренным мещанином под тополями и березами на даниловском кладбище ― ведь по людским понятиям он родился в конце восемнадцатого столетия. [Владимир Орлов. Альтист Данилов (1980)] [омонимия не снята]
1;Поджарить в масле мелко нарезанный зеленый или репчатый лук, добавить столовую ложку муки, чайную ложку красного сладкого перца ( молотого), пассеровать. [И. Грушевский. Болгарский обед // «Работница», 1980] [омонимия не снята]
1;Для этого супа лучше взять репчатый лук. [И. Грушевский. Болгарский обед // «Работница», 1980] [омонимия не снята]
1;Мелко порубленный репчатый лук обжарить на сковороде в масле вместе с томатным пюре или кетчупом. [И. Грушевский. Болгарский обед // «Работница», 1980] [омонимия не снята]
1;За 10 минут до готовности добавить крупно нарезанный репчатый лук ( 1 луковицу), за 5 минут ― несколько зубков чеснока. [В. Тюрин, Г. С. Шаталова. Чтобы жить, не болея // «Наука и жизнь», 1979] [омонимия не снята]
1;За пять минут до готовности бросить в рис мелко нарезанный репчатый лук. [В. Тюрин, Г. С. Шаталова. Чтобы жить, не болея // «Наука и жизнь», 1979] [омонимия не снята]
1;Я собственноручно снял с моего огорода 36 пудов картофеля в огромных бело-розовых клубнях, вырыл много ядреной петровской репы, египетской круглой свеклы, остро и дико пахнущего сельдерея, репчатого лука, красной, толстой, упругой грачевской моркови и крупного белого ребристого чеснока ― этого верного противоцинготного средства… Весь мой огород был размером в двести пятьдесят квадратных саженей, но, по совести могу сказать, потрудился я над ним усердно, даже [К. А. Куприна. Куприн ― мой отец (1979)] [омонимия не снята]
1;Прекрасный репчатый лук дают. [Виктор Конецкий. На околонаучной параболе (Путешествие в Академгородок). Повесть (1978)] [омонимия не снята]
1;На автограмме разреза луковицы (репчатый лук), не начавшей прорастать, изображение едва заметно. [Л. Крауш. Автография // «Химия и жизнь», 1967] [омонимия не снята]
1;Очищенные орехи истолочь, добавить нашинкованный репчатый лук, истолченные вместе чеснок, стручковый перец, зелень киндзы, толченый имеретинский шафран и соль. [обобщенный. Не перцем единым... // «Химия и жизнь», 1967] [омонимия не снята]
1;Очистить репчатый лук, очень мелко нарезать и поджарить в растительном масле. [обобщенный. Не перцем единым... // «Химия и жизнь», 1967] [омонимия не снята]
1;Сюда, с огромной самодельной лодки, две бабы и пять мужиков сгружали мешки, набитые репчатым луком. [Ю. М. Нагибин. Дневник (1965)] [омонимия не снята]
1;Мы помним рыбу, которую мы ели в Египте даром, огурцы, дыни, лук, репчатый лук и чеснок. [Р. Я. Райт-Ковалева. Роберт Бернс (1959)] [омонимия не снята]
1;На 500 г грибов 50 г репчатого лука, 150 г помидоров, 100 г консервированного зеленого горошка, 2 столовые ложки растительного масла, 4 столовые лежки уксуса. [Н. Аптер, В. Вышинский. Кушанья из грибов // «Работница», 1957] [омонимия не снята]
1;Взять соленые белые грибы, подосиновики, подберезовики и другие, мелко изрубить, добавить нашинкованный репчатый лук или перья зеленого лука. [Н. Аптер, В. Вышинский. Кушанья из грибов // «Работница», 1957] [омонимия не снята]
1; лук или перья зеленого лука. Репчатый лук можно слегка поджарить на растительном масле. [Н. Аптер, В. Вышинский. Кушанья из грибов // «Работница», 1957] [омонимия не снята]
1;Все смешать, добавить перец, выложить на салатницу или тарелку, украсив кружками репчатого лука либо нашинкованным пером зеленого лука. [Н. Аптер, В. Вышинский. Кушанья из грибов // «Работница», 1957] [омонимия не снята]
1;На 500 г грибов 200 г гороха, 2 столовые ложки топленого или растительного масла, 1 головку репчатого лука, перец ― по вкусу. [Н. Аптер, В. Вышинский. Кушанья из грибов // «Работница», 1957] [омонимия не снята]
1;На 50 г сушеных грибов 1 стакан риса, 2 головки репчатого лука, 2- 3 столовые ложки коровьего или растительного масла. [Н. Аптер, В. Вышинский. Кушанья из грибов // «Работница», 1957] [омонимия не снята]
1;Отдельно поджарить нашинкованный репчатый лук, смешать поджаренный лук и поджаренные грибы, добавить соль ( по желанию ― перец толченый). [Н. Аптер, В. Вышинский. Кушанья из грибов // «Работница», 1957] [омонимия не снята]
1;Между двух половинок сельди поместить мелко нарезанный зеленый или рубленый репчатый лук, посыпать зеленью петрушки, по сторонам сельди разложить кучками мелко нарезанные вареные овощи: картофель, морковь, репу, а также вареные яйца. [Праздничный стол // «Крестьянка», 1954] [омонимия не снята]
1;На одном из них был поджаренный ячменный хлеб из штата Висконсин, другое содержало тонко нарезанный репчатый лук, на третьем находились ломтики превосходного чикагского сыра. [М. С. Шагинян. Месс-Менд, или Янки в Петрограде (1923-1924-1954)] [омонимия не снята]
1;Чего- чего только не было расставлено на белой вышитой скатерти, между штофами, сулеями и кувшинами, одолженными для такого случая у супруги стрелецкого головы: и сдобные пироги с вязигой, и пирожки с рублеными яйцами да с рыжиками, и котлома с перченой бараниной, и резаная красная капуста с репчатым луком, и заяц в вине, что подается после суточного томления на жару в малых, замазанных глиною [Ю. П. Герман. Россия молодая. Часть вторая (1952)] [омонимия не снята]
1;Матрена приперла на себе хлеба, квасу, сеченой капусты, репчатого луку. [В. Я. Шишков. Емельян Пугачев. Книга вторая. Ч. 1-2 (1939-1945)] [омонимия не снята]
1;Мы помним рыбу, которую ели в Египте, и огурцы, и дыни, и лук, и репчатый лук, и чеснок. [Лев Лунц. В пустыне (1921)] [омонимия не снята]
1;Мы помним рыбу, и репчатый лук, которые ели в Египте, и огурцы, и дыни, и лук, и чеснок. [Лев Лунц. В пустыне (1921)] [омонимия не снята]
1;Из луковых растений только репчатый лук и лукь- резанец выгоняются в парнике, а лук- поррей по большей части не выводится в парнике, а только подготовляется в виде рассады для высадки в грунт. [П. И. Каменоградский. Парники и ранняя выгонка овощей, рассады и земляники (1906)] [омонимия не снята]
1;"Сорта репчатого лука разделяются: 1) на зимние или рыночные, отличающиеся острым вкусом и выращиваемые для пользования на второй или третий год культуры; к числу их принадлежит « обыкновенный русский лук» с различными его видоизменениями, носящими название по месту возделывания: Рязанский ( Зарайский, Скопинский), Пензенский, Ростовский ( Ярославский) и др. [П. И. Каменоградский. Парники и ранняя выгонка овощей, рассады и земляники (1906)] [омонимия не снята]"
1;Посев и выведение рассады производится как у репчатого лука, но семян берут на парник больше, около 1½ фунтов на 16― 18 рам, т. е. около 3 лотов на раму. [П. И. Каменоградский. Парники и ранняя выгонка овощей, рассады и земляники (1906)] [омонимия не снята]
1;Ладят сани, грузят их запасами печеного хлеба и сухарей, крупой да горохом, гуленой47 да сушеными грибами с репчатым луком. [П. И. Мельников-Печерский. В лесах. Книга первая (1871-1874)] [омонимия не снята]
1;Петряйка выложил остальную похлебку, а когда лесники и это очистили, поставил им чашки с горохом, накрошил туда репчатого луку и полил вдоволь льняным маслом. [П. И. Мельников-Печерский. В лесах. Книга первая (1871-1874)] [омонимия не снята]
1;"Приедет домой, привезет сотни три- четыре ― вырубит под избой продольное окно, подопрет висячий ставень шестом и развесит в лавочке пучков десяток лычных и пеньковых веревок, обротей, недоуздков да три венка репчатого лука; поставит бочку дегтя, другую меда ― они и по пословице вместе живут, десяток ременных кнутов, тесаных дуг, оглобель, лаптей, пряников, тесемок и несколько вязанок барашек. [В. И. Даль. Петербургский дворник (1844)] [омонимия не снята]"
1;Кирилл думал, что ресторан окажется армянской дыренью в полуподвале, пропахшем маринованным луком бастурмы, но во дворе стандартной высотки он увидел двухэтажный хай- тековский пристрой с крытой верандой на втором этаже. [Алексей Иванов (Алексей Маврин). Псоглавцы. Гл. 1-20 (2011)] [омонимия не снята]
1;По правде сказать, эти магазины не выделялись красотой убранства и разнообразием товаров: в небольшой комнате за стойкой стоял кто-нибудь из хозяйской семьи и торговал маринованным луком, батарейками, модными журналами и средством от плесени. [Марина Бонч-Осмоловская. День из жизни старика на Бёркендейл, 42 // «Звезда», 2002] [омонимия не снята]
1;Настоящие гурманы вообще пьют « мартини» с маринованным луком, а его попросту нет, так что перебьешься, ― сказал он. [Елизавета Козырева. Дамская охота (2001)] [омонимия не снята]
1;400 г грибов, 1/ 2 стакана сметаны, 40 г зеленого или маринованного лука, укроп. [Что у нас на обед (2000)] [омонимия не снята]
1;промыть в холодной кипяченой воде, нарезать ломтиками или дольками, заправить охлажденной сметаной, положить в салатницу, посыпать зеленым или маринованным луком и укропом. [Что у нас на обед (2000)] [омонимия не снята]
1;Виктор глубоко и вольно вздохнул, вдохнул ресторанный воздух и ощутил прекрасные запахи табачного дыма, маринованного лука, подгоревшего масла и жаренного мяса. [Аркадий Стругацкий, Борис Стругацкий. Гадкие лебеди (1967)] [омонимия не снята]
1;Поэтому он среди нас, как вареный лук в супе: одинок, но необходим. [Александр Володарский. ЖЗЛ (Жизнеописание занимательных личностей) // «Сибирские огни», 2012] [омонимия не снята]
1;Вплоть до того, был ли хомячок у троюродного племянника евойного дедушки и любили ли их мамы вареный лук. [Дмитрий Емец. Таня Гроттер и колодец Посейдона (2004)] [омонимия не снята]
1;Кроме того, он был сварен с большим количеством лука, а Валя не любила вареный лук. [Татьяна Тронина. Русалка для интимных встреч (2004)] [омонимия не снята]
1;Мамочка, честное слово, все очень вкусно, но просто я не люблю вареный лук!  [Татьяна Тронина. Русалка для интимных встреч (2004)] [омонимия не снята]
1;"Свинья тут же снова встала в него передними ногами, погрузила по самые глаза свою длинную морду в помои, выдыхала с бульканьем воздух в воду, помои набухали, пузырились, свинья поднимала морду, с которой свисала бледно-зеленая, болтающаяся, как слюна, полоска вареного лука; криво жевала арбузные корки, будто беззубая, мокро чавкала; с шумом, плотоядно, будто это что-то съедобное, вдыхала в себя воздух и опять погружалась в [Светлана Василенко. Хрюша (1997)] [омонимия не снята]"
1;Мы ― галка ― начинаем подлетать к помойным этим воронкам, но видим на обсосуленных зевах сморщенные очистки картофелин, поганые сопли вареного лука, клоки женских волос, подметальный мусор, нитки и лоскутки маскировочных одежд ― клевать нечего. [Асар Эппель. Сидящие во тьме на венских стульях (1993)] [омонимия не снята]
1;Вокруг столько интересного, а тут плавают в тарелке картошки- моркошки да ещё варёный лук. [Л. Г. Матвеева. Продлёнка (1987)] [омонимия не снята]
1;Ну какой нормальный человек станет глотать варёный лук?  [Л. Г. Матвеева. Продлёнка (1987)] [омонимия не снята]
1;из своей тарелки вареную луковицу. Вареный лук ― это кошмар детства, мы все его ненавидели. [Фазиль Искандер. Школьный вальс, или Энергия стыда [Старый дом под кипарисом] // «Знамя», 1987] [омонимия не снята]
1;Савоня топает ногой, стряхивая с протеза прилипшие рыбьи кости и хлопья вареного лука. [Евгений Носов. И уплывают пароходы, и остаются берега (1970)] [омонимия не снята]
1;Народная медицина рекомендует есть вареный лук при простуде. [М. Иоффе. Постигнет ли гевею участь кок-сагыза? // «Химия и жизнь», 1969] [омонимия не снята]
1;Мы сидели на кухне и я мешал тебе резать лук для какого-то салата. [Екатерина Завершнева. Высотка (2012)] [омонимия не снята]
1;Чтобы вызвать на её лице улыбку сквозь слёзы, Иванов заставлял натурщицу резать лук и одновременно смешил её. [Светлана Степанова. Явление Христа Марии Магдалине // «Наука и религия», 2010] [омонимия не снята]
1;Вера резала лук, глаза щипало. [Андрей Волос. Путевка на целину (1954) // «Новый Мир», 2003] [омонимия не снята]
1;Кстати, в детском оздоровительном лагере « Дубрава» Красноармейского района, где Дима этим летом кудесничал шеф-поваром, вся кухня пела и плясала, покуда резала лук… [«Российское» гражданство Галины Колеватовой // «Народное творчество», 2003.12.22] [омонимия не снята]
1;Один резал лук, другой ― морковку, третий чистил картошку, а отец Борис в съехавшей набок косынке на голове ими командовал. [Наталья Коныгина. Семья Бориса и Елены. Счастливый отец отмечает День матери // «Известия», 2002.11.22] [омонимия не снята]
1;Мелко режут лук, морковь соломкой, петрушку, затем пассеруют вместе в течение 15- 20 минут, перед окончанием пассерования в овощи добавляют томат- пюре или мелко нарезанные помидоры и продолжают пассеровать до тех пор, пока жир не окрасится в цвет помидоров. [Что у нас на обед (2000)] [омонимия не снята]
1;И рассказ этот, столь литературный, что, кажется, исходил из черной тарелки репродуктора, под которым она резала лук, был, оказывается, правдой, надышанной коровой сегодня в ночи… [Андрей Битов. Глухая улица (1960-1999)] [омонимия не снята]
1;Прокрадываясь по утрам к Максиму за чайником, я интересовался не столько очертаниями еще одной фигуры под его одеялом, сколько иконой, еще вчера вечером имевшей такой вид, будто на ней много лет подряд резали лук. [Олег Алямов. Фальшак // «Столица», 1997.04.15] [омонимия не снята]
1;Вот почему хозяйка плачет, когда режет лук. [С. В. Рязанцев. В мире запахов и звуков (1997)] [омонимия не снята]
1;Потом они переодевались во все сухое, спали, чистили грибы, картошку, резали лук. [Андрей Дмитриев. Воскобоев и Елизавета (1992)] [омонимия не снята]
1;Девицы режут лук ― плачут и смеются. [Андрей Битов. Заповедник (телемелодрама) (1991)] [омонимия не снята]
1;Она снимала черный платок ― траур по погибшему старшему сыну ( Коля, ее старший, погиб в первую осень войны), ставила самовар, вынимала из печи хлеб, резала лук, ухватом доставала чугунок с картошкой и говорила: « Ну, садитесь, проголодались поди». [Т. В. Доронина. Дневник актрисы (1984)] [омонимия не снята]
1;Александра взяла протянутый нож и начала резать лук. [Валентин Черных. Москва слезам не верит (1980)] [омонимия не снята]
1;Он знал редкостное упорство старухи во всем — например, как резать лук, так или так,  — знал, что никогда ничего нельзя доказать, чужое мнение летит мимо, не достигая слуха, и теперь молчал, онемев и размышляя. [Ю. В. Трифонов. Старик (1978)] [омонимия не снята]
1;Самый уж разнестроевой карапуз ― мальчишка по прозвищу Тугунок, и тот был захвачен трудовым потоком ― старательно резал лук острущим ножом на лопатке весла, выпустив от напряжения белую соплю на губу. [Виктор Астафьев. Царь-рыба (1974)] [омонимия не снята]
1;Хозяин за их отсутствие поставил на стол большой деревянный жбан с пивом, деревянное широкое блюдо с вареной говядиной, холодной, посыпанной мелко резанным луком. [А. П. Чапыгин. Гулящие люди (1937)] [омонимия не снята]
1;"Они хрустят, их необыкновенная горечь и сладость захватывает дыхание, ударяет в нос, но всё равно их гложут, хрупают, хрустят.  "" Сердитый лук"", ― говорят, улыбаясь и плача.  ""Сладкий лук, нигде нет такого лука!"" Но и помидоров таких нигде нет кроме как на Зелёном базаре; они лежат в ящиках, в лотках, на прилавках ― огромные, мягкие, до краёв наполненные тягучей кровью, туго лоснящиеся тропические плоды. [Ю. О. Домбровский. Факультет ненужных вещей, часть 1 (1978)] [омонимия снята]"
1;Как выяснилось, именно местный вокзал остаётся почти единственным местом в России, где всегда продают и покупают знаменитый сладкий лук. [Венедикт Дадыкин. Ай да «репка»! // «Наука и жизнь», 2009] [омонимия не снята]
1;А дети здесь сызмальства хрустят сладким луком чаще, чем яблоками, и, по свидетельству взрослых, редко болеют простудными заболеваниями. [Венедикт Дадыкин. Ай да «репка»! // «Наука и жизнь», 2009] [омонимия не снята]
1;Из еды ― рукола с креветками, сладким луком и пармезаном, пенетте с лангустинами и прочие блюда высокой итальянской кухни. [Ева Розен, Елена Борисова. Il Mulino // «Карьера», 2003.11.01] [омонимия не снята]
1;А рядом, в миске, крошево помидоров, огурцов, болгарского перца, сладкого лука- « каба». [Борис Екимов. На хуторе // «Новый Мир», 2002] [омонимия не снята]
1;Для приготовления салата необходимы следующие продукты: капуста свежая, перец красный сладкий, лук репчатый, масло подсолнечное, соль, уксус, лавровый лист, перец душистый и гвоздика. [Т. А. Гаврилова, Т. М. Воробьева. Домашнее консервирование (1999)] [омонимия не снята]
1;Самса ― это огромный эклер, набитый сладким мясом, сладким луком, горным луком и так далее. [Анатолий Найман. Славный конец бесславных поколений (1994)] [омонимия не снята]
1;На рынке покупаю крупные ярко- красные помидоры и маленькие, хрустящие на зубах свежепросольные огурчики особого, пряного, ялтинского посола, а также синий сладкий лук, пучок петрушки, нежную янтарно- желтую черешню, не менее нежные, покрытые светлым пушком абрикосы и сочные, полупрозрачные сливы. [Геннадий Алексеев. Зеленые берега (1983-1984)] [омонимия не снята]
1;"2) сладкие луки― с крупными сочными нежными луковицами; напр. [П. И. Каменоградский. Парники и ранняя выгонка овощей, рассады и земляники (1906)] [омонимия не снята]"
1;Наступает относительная тишь, разрываемая хохотом над ажитированными собаками, выкриками молодой бабенки насчет сладкого луку, протяжным пением грациозного мальчишки- точильщика и унылым речитативом, сообщавшим столичному люду, что в каком-то далеком захолустье « обвалимшись кумпал в приделе Николая- чудотворца». [А. И. Левитов. Петербургский случай (1869)] [омонимия не снята]
1;Взять 1 1/ 2 фунта говядины 1-го сорта от жирной филеи, наскоблить ножом, положить мелко изрубленного и выжатого сырого луку, простого просеянного перца, соли, сделать из этого фарша пельмени, как сказано в N 1374. [Елена Молоховец. Подарок молодым хозяйкам, или средство к уменьшению расходов в домашнем хозяйстве / Колдуны, пельмени, вареники и т. д. (1875-1900)] [омонимия снята]
1;Но оно ведь сырое, Лука?!  [Дина Рубина. Белая голубка Кордовы (2008-2009)] [омонимия не снята]
1;Наша пицца больше похожа на тонкий пирог, начинку которого составляют колбаса, сыр, лук, помидоры и другие овощи сразу. [Ольга Панфилова. Америка от А до Я // «Богатей» (Саратов), 2003.03.27] [омонимия не снята]
1;Маринад приготовить так: винный уксус развести водой ( 1: 1), добавив сырой лук, отварную морковь, лавровый лист, душистый перец, корицу и сахар, прокипятить. [Что у нас на обед (2000)] [омонимия не снята]
1;Я спрыгнул со спинки кресла вниз на сиденье, обнюхал эту колбаску и… несмотря на то, что она была с обоих концов запакована металлическими скобками, я все-таки почувствовал, что к фаршу там явно примешан и сырой лук, с которым у меня с детства натянутые отношения. [Владимир Кунин. Кыся (1998-2000)] [омонимия не снята]
1;На нижний слой теста кладут целую разделанную рыбу или крупные куски рыбы, на них укладывают ломтики сырого лука, иногда еще и тонкие ломтики картофеля, закрывают тестом и выпекают. [Н. Карцева, Н. Ковалев. «Вот такие пироги...» // «Наука и жизнь», 1979] [омонимия не снята]
1;есть вареный лук при простуде… Сырой лук ― профилактическое средство против цинги и, говорят, даже предохраняет от вирусного гриппа… [М. Иоффе. Постигнет ли гевею участь кок-сагыза? // «Химия и жизнь», 1969] [омонимия не снята]
1;Вместо лагерной баланды, меня, при помощи добрых людей, к которым обратились наши врачи, подкармливали совсем не диэтными продуктами: сырым луком, чесноком, крестьянскими черными сухарями, наконец, салатом из черной фасоли с тыквенным маслом и уксусом. [А. И. Делианич. Вольфсберг-373 (1945-1960)] [омонимия не снята]
1;На сыром луке до 3- х дней, на вареном ― до недели. [В. Н. Золотницкий. Азиатская холера (1919)] [омонимия не снята]
1;"Я расположился под тенью группы старых тамариксов, растущих вокруг крошечной мечети над земляными могильными склепами; хаги- Юсэф приготовил мне завтрак из холодных, круто сваренных яиц, черного кофе и сырого лука, но для наших утомленных ослов никак нельзя было достать немного берсима: все поля кругом были им засеяны, но так как они принадлежат Мехмету- Али, то не смотря на мою настоятельную просьбу, не решались [А. А. Рафалович. Путешествие по Нижнему Египту и внутренним областям Дельты (1850)] [омонимия не снята]"
1;"Они очень редко едят мясо; сухари, сыр, лук, оливки, и масло из оных составляют почти единственную их пищу. [неизвестный. Отрывки, содержащие некоторые любопытные подробности о Турции и Египте // «Вестник Европы», 1804] [омонимия не снята]"
2;Не напелись пацаны, ― улыбнулся Леон и сам же не выдержал искушения, страстного требовательного зова, и когда лодки поравнялись, вежливо расступаясь, чтобы не столкнуться, послал высокий и сильный свой, как тетива натянутого лука, голос поверх дружных полудетских голосов:  [Дина Рубина. Русская канарейка. Блудный сын (2014)] [омонимия не снята]
2;Помню те монетки с рельефными изображениями ― на одной натянутый лук со стрелой, направленной на восток, на другой ― грифон. [Михаил Шишкин. Письмовник (2009) // «Знамя», 2010] [омонимия не снята]
2;Всего лишь приставил к виску натянутый лук :)   [Переписка в icq между agd-ardin и Герда (2008.03.09)] [омонимия не снята]
2;Снаружи оно оформляется как арка, похожая на подкову или натянутый лук. [В. В. Овчинников. Своими глазами (2006)] [омонимия не снята]
2;На вокзале через громкоговорители без конца объявляли, что жизнь ― это натянутый лук, а смерть ― это полет пущенной стрелы. [Михаил Шишкин. Венерин волос (2004) // «Знамя», 2005] [омонимия не снята]
2;Снаружи оно оформляется, как арка, похожая на подкову или натянутый лук. [В. В. Овчинников. Калейдоскоп жизни (2003)] [омонимия не снята]
2;Как показала группа Берджесса, в тот момент, когда центральная часть молекулы динеина соединяется с « энергетической» молекулой АТФ, происходит нечто вроде натягивания лука — центр динеиновой молекулы выходит вперед, а угол между ее концами уменьшается ( как сближаются концы натянутого лука). [Рафаил Нудельман. Гонки «Формула-1» в живой клетке // «Знание ― сила», 2003] [омонимия не снята]
2;Гибкая, напряженная: вся как натянутый лук. [Из французской прессы // «Театральная жизнь», 2003.07.28] [омонимия не снята]
2;Он выпятил грудь и стал похожим на натянутый лук. [Екатерина Романова, Николай Романов. Дамы-козыри (2002)] [омонимия не снята]
2;В следующее мгновение его тело сжалось, и он, будто выпущенная из натянутого лука стрела, бросился в темноту. [Елена и Валерий Гордеевы. Не все мы умрем (2002)] [омонимия не снята]
2;Накал конфликта создаeт творческий потенциал ― « дугу напряжения» в человеческой душе, это творческое напряжение движет историей, как натянутый лук, стрелы из которого летят далеко. [Леонид Перловский. Мистика духовного и математика интеллекта // «Звезда», 2001] [омонимия не снята]
2;"Ора усмехнулась; напряжение ее губ, напомнивших мне о натянутом луке, пробудило память о том запахе. [Марина Дяченко, Сергей Дяченко. Магам можно все (2001)] [омонимия не снята]"
2;Плечистые, рослые воины в кольчугах, хохоча, протискивались в проём калитки и не обращали внимания на поднятые копья и натянутые луки дружинников Михаила. [Алексей Иванов. Сердце Пармы (2000)] [омонимия не снята]
2;Застраиваемый по единому плану Косты город сверху должен был восприниматься как натянутый лук со стрелой или как самолет. [Владислав Быков, Ольга Деркач. Книга века (2000)] [омонимия не снята]
2;пионер с натянутым луком (« В цель»). [Семен Лунгин. Виденное наяву (1989-1996)] [омонимия не снята]
2;Его изогнутые, похожие на натянутые луки, упругие обводы словно рассекали мрак. [Алексей Иванов. Корабли и Галактика (1990-1991)] [омонимия не снята]
2;А по ту сторону рва стояли с натянутыми луками самые меткие ордынские воины. [С. М. Голицын. Сказания о земле Московской (1968-1988)] [омонимия не снята]
2;Георгий вскочил с кровати, Ева пыталась удержать его, но удержать было не за что, рука ее скользнула по тугому, натянутому луку его стана и с видом сожаления замерла в воздухе, эта бледная, нежная, длинноперстая рука миллионерши. [Анатолий Ким. Белка (1984)] [омонимия не снята]
2;Все ныне проверено и обдумано, готовы щиты и кольчуги, наточены мечи и копья, натянуты луки, припасены стрелы. [Виталий Губарев. Преданье старины глубокой (1960-1980)] [омонимия не снята]
2;На обложке обнаженный по пояс человек держит в руке натянутый лук и стрелу. [Н. И. Гаген-Торн. Memoria (1936-1979)] [омонимия не снята]
2;Ему казалось, что за стволами деревьев он уже видит чьи-то настороженные глаза, наведенное дуло пистолета, натянутый лук… [А. И. Пантелеев. Ленька Пантелеев (1938-1952)] [омонимия не снята]
2;Это или тунгус, припав на плавучем пне с натянутым луком, подкрадывается к дикой утке, или якут машет двуперым веслом на легкой веточке, спеша вынуть из морды стерлядь ― или вверху бежит всадник на цепком коне по висящей на утесе тропинке ― так что страшно взглянуть на него». [Л. К. Чуковская. Декабристы (1950-1951)] [омонимия не снята]
2;Распутин сразу произвел на меня сильное впечатление как необычайной напряженностью своей личности ( он был точно натянутый лук или пружина), так и острым пониманием души: например, мне он тут же строго задал вопрос: « Что же?  [митрополит Вениамин (Федченков). На рубеже двух эпох (1940-1950)] [омонимия не снята]
2;Не помню, писал ли о том, что когда месяц или два тому назад шлепнулся снаряд у Академии, в Институте Этнографии от сотрясения спустил ( т. к. отвалился палец) натянутый лук манекен папуаса, и отравленная стрела, пролетев через зал, врезалась на вершок в доску. [Александр Болдырев. Осадная запись (блокадный дневник) (1941-1948)] [омонимия не снята]
2;Цепь выгнулась назад, точно тетива натянутого лука, и вдруг кинулась вперед, в колыхающиеся волны большевиков. [А. В. Туркул, И. С. Лукаш. Дроздовцы в огне (1937-1948)] [омонимия не снята]
2;Понесутся меткие стрелы молнией, и из облаков, как из туго натянутого лука, полетят в цель, и как из каменометного орудия с яростью посыплются грады, ― восстанет против них дух силы, и как вихрь, развеет их. [митрополит Алексий (Симанский). Статьи. Христианство и война с гитлеризмом // Журнал Московской Патриархии, № 03, 1943] [омонимия не снята]
2;Ее верхняя губа вырезана в чудесной форме туго натянутого лука, и там, где этот рисунок кончается с обеих сторон у щек, там чуть заметные ямочки. [А. И. Куприн. Юнкера (1932)] [омонимия не снята]
2;Но кроткая и милая нотация из уст, так прекрасно вырезанных в форме натянутого лука, заливает все его существо теплом, благодарностью и преданной любовью. [А. И. Куприн. Юнкера (1932)] [омонимия не снята]
2;"Потом, ближе к реке, выступила на алом небе другая группа: у этих не было копий, но по негромкой команде офицера они подняли кверху тонкие длинные шесты, держа их над головами горизонтально; по второй команде перечеркнули их наперерез другими палками, еще тоньше, и отвесными; по третьей команде горизонтальные шесты изогнулись дугою и превратились в натянутые луки со стрелами наготове, и опустились книзу. [Владимир Жаботинский. Самсон Назорей (1916)] [омонимия не снята]"
2;За каждым кустом стояло по охотнику с натянутым луком. [В. М. Дорошевич. Сказки и легенды (1893-1916)] [омонимия не снята]
2;И, взглянув вперед, Хазир увидел воина, который стоял с натянутым луком, готовый спустить дрожащую стрелу с тугой тетивы. [В. М. Дорошевич. Сказки и легенды (1893-1916)] [омонимия не снята]
2;Женечка, выпрямившись во весь рост, сильная и гибкая, как натянутый лук черного дерева, стала посреди комнаты и хотела что-то еще сказать, как дверь тихонько отворилась, и на пороге показалась громадная грузная фигура доктора Арнольди. [М. П. Арцыбашев. У последней черты (1910-1912)] [омонимия не снята]
2;Поистине, тогда весь реализм падает и обращается в конечный идеалистический солипсизм: натянутый лук воли, спускающий стрелу моей любви в чужое я, напрасно окрылил стрелу, и, описав круг, она вонзается в меня самого, пронесясь в пустом пространстве, где нет реальнейшего, чем я сам, я ― тень сна и вовсе не реальность, пока вишу в собственной пустоте, хотя и держу в себе весь мир и всех [Вяч. И. Иванов. Достоевский и роман-трагедия (1911)] [омонимия не снята]
2;Вместе с тем минуло и то напряжение всех чувств, в котором долгое время меня держали наши неопределённые отношения с Ренатою, наши постоянные поиски чего-то, наше неотступное ожидание какого-то события, и я начал ощущать себя так, словно в душе моей спущен наконец давно натянутый лук и стрела вонзилась в намеченную цель. [В. Я. Брюсов. Огненный ангел (1908)] [омонимия не снята]
2;Кент не слушается, Лир снова повторяет угрозу: «Натянут лук ― не стой перед стрелой!»  [Л. И. Шестов. Шекспир и его критик Брандес (1898)] [омонимия не снята]
2;Тощий живот его, втягиваясь внутрь, подался назад, а гибкая спина круто нагнулась вперед, будто натянутый лук, который тотчас выпрямится, как только слетит с него оперенная стрела. [Ф. И. Буслаев. Мои воспоминания (1897)] [омонимия не снята]
2;Когда неволя вставала к воде ребром, напором воды гнуло ее, как туго натянутый лук, а конец постоянно вырывался кверху, так что Кравченке приходилось сильно балансировать на нем, как на брыкающейся лошади. [Д. Н. Мамин-Сибиряк. Бойцы (1883)] [омонимия не снята]
2;Примеры запаса энергии в сфере механических явлений всякому знакомы: чугунная баба, готовая упасть на вгоняемую в землю сваю, натянутый лук, готовый метнуть стрелу, ― все это вполне понятные случаи запаса энергии в виде напряжения. [К. А. Тимирязев. Жизнь растения (1878)] [омонимия не снята]
2;"Мертвых относят в выкопанную могилу, ставят труп на середине, с натянутым луком в руках, опоясанный мечом, с копьем под мышкою, как будто живой; но могилу не засыпают. [Иакинф (Бичурин). Собрание сведений о народах, обитавших в Средней Азии в древние времена (1851)] [омонимия не снята]"
2;Против него гордо выезжал на борзом коне рыцарь, устремив на противника стрелу по натянутому луку. [И. И. Лажечников. Последний Новик (1833)] [омонимия не снята]
2;Сей жертвенник украшен был различными цветами, и на поверхности его лежал туго натянутый лук и две стрелы. [М. Д. Чулков. Пересмешник, или Славенские сказки (1766-1768)] [омонимия не снята]
2;"А всего смѣшнѣе то, когда они Воспу или демона Воспы надѣются напряженными самострѣльными луками устрашить, или и вредъ ему учинить; равномѣрно какъ они натянутые луки на лосей и на другихъ большихъ звѣрей выставливаютъ, съ которыхъ когда звѣрь привязанную къ нимъ нить тронетъ, стрѣлы спрыгиваютъ, и звѣря въ бокъ уязвляютъ. [О воспѣ и о прививаніи оной // Ежемѣсячныя сочиненія къ пользѣ и увеселенію служащія. Генварь ― Іюнь, 1755 года, 1755] [омонимия не снята]"
2;"Некоторые древние сказания, приличные и полезные, пропусчены, яко Амазиса, кор[оля] египетского, когда его подлородием поносили, то он, взяв свой золотой уриник, зделал идола, которому люди честь, яко богу, отдавать стали; оным пременением он, благоразумно свое подлородие истолковав, молву в народе пресек; и паки, как его порицали, что до обеда прилежно неправедливо судит, а после обеда в разкошностях токмо забавляется, оное премудро натянутым луком [В. Н. Татищев. Письмо И. Д. Шумахеру (1747)] [омонимия не снята]"
2;Стреляли птиц из самодельных луков. [И. Грекова. Фазан (1984)] [омонимия снята]
2;Я бы сидел на старой фотографии Черного с самодельным луком или рогаткой, торчавшей из кармана, гордился амулетом от полтергейста, выменянным на серию марок, боялся бы каких-нибудь определенных мест в определенное время суток и ходил бы туда на спор. [Мариам Петросян. Дом, в котором... (2009)] [омонимия не снята]
2;Изображая сцены сражения, толкиенисты, колотят друг друга деревянными мечами и стреляют из самодельного лука. [Наш ответ машущим дубинкой // «Приазовский край», 2004.10.07] [омонимия не снята]
2;стрелял я гусей из лука. Самодельный лук был. [Юрий Казаков. Мальчик из снежной ямы (1983)] [омонимия не снята]
2;Может быть, поэтому Славка легко угадывал и другое: куда отскочит брошенный в забор камень, как взлетит под напором ветра воздушный змей, куда ляжет сорвавшийся с дерева лист и попадёт ли в цель стрела, пущенная из самодельного лука. [Владислав Крапивин. Трое с площади Карронад (1979)] [омонимия не снята]
2;Птицы дразнили его и улетали, едва только он успевал прицелиться в них из самодельного лука. [Юрий Рытхэу. В долине Маленьких Зайчиков (1962)] [омонимия не снята]
2;Но и как изогнутый лук ― для выпуска каленых метких стрел. [Борис Евсеев. Евстигней // «Октябрь», 2010] [омонимия не снята]
2;Круглые островерхие хижины, где пасется тощее стадо, и чернокожий бушмен, в струпьях, со слезящимися глазами, с грязной тряпицей в паху, держит на плече сухой изогнутый лук, и в деревянном колчане торчат тяжелые, с орлиными перьями, стрелы. [Александр Проханов. Господин Гексоген (2001)] [омонимия не снята]
2;Я унесу тебя в горы на недоступные ледники любви, как снежный барс уносит искры солнца на изогнутой луком спине!.. [Алексей Иванов. Охота на «Большую Медведицу» (1990-1991)] [омонимия не снята]
2;И точно так же, как и теперь, когда я пишу это, било в берег и изрыгало глубинный свой запах море в темноте, далеко направо, изогнутым луком огибая бухту, светилась жемчужная цепочка фонарей… [Юрий Казаков. Во сне ты горько плакал (1977)] [омонимия не снята]
2;Во второй лодке стройный юноша держал наготове круто изогнутый лук, а старый нубиец стоял на коленях на корме, уперев длинный шест в дно реки. [И. А. Ефремов. На краю Ойкумены (1945-1946)] [омонимия не снята]
2;На том берегу косоглазые варвары подняли изогнутые луки, пустили стаю стрел, раздался нарастающий, как бы волчий вой, ― по крутым сугробам вниз через речку, поднимая снежную пыль, помчались справа и слева полосатые татары с кривыми саблями, синежупанные черкасы с пиками и арканами, в лоб налетели визжащие калмыки, ― триста эстляндских стрелков Ливена и сам подполковник были порублены, поколоты, раздеты до исподнего. [А. Н. Толстой. Петр Первый. Книга вторая (1933)] [омонимия не снята]
2;Кончив метание диска, взяла она от бледной черноокой Мирры изогнутый лук, колчан и вынула длинную оперенную стрелу. [Д. С. Мережковский. Смерть богов. Юлиан Отступник (1895)] [омонимия не снята]
2;"Гомер подробно рассказывает, как Пандар сначала натянул свой лук, потом, открыв колчан, вытащил оттуда крылатую стрелу и приладил к тугой тетиве; после того, дав обет Аполлону, разом потянул вместе с ушками стрелы и тетиву, тетиву привлек до груди, а железцо стрелы до лука; изогнутый лук заскрипел, тетива загудела, и полетела стрела. [Ф. И. Буслаев. Эпическая поэзия (1851)] [омонимия не снята]"
2;И всё же военный и охотничий луки в конце концов были вытеснены огнестрельным оружием. [Борис Руденко. Возвращение Робин Гуда // «Наука и жизнь», 2008] [омонимия не снята]
2;Люди использовали для добывания огня даже охотничий лук: делали на тетиве специальную петельку, в нее вставляли палочку и, вращая лук, сверлили этой палочкой деревяшку. [Ольга Соловьева. Огонь // «Трамвай», 1991] [омонимия не снята]
2;Грозно натянул Орион тетиву охотничьего лука, сотканного из мельчайших звездочек, ― нацелил стрелу прямо в лоб Тельцу, в полнеба раскинувшему звездные рога. [Юрий Коваль. Недопесок (1975)] [омонимия не снята]
2;Тогда из чердачного окошка полезли трое ( Яким признал Степку Бармина и Петрушку Кожевникова), в руках ― охотничьи луки, за поясом ― по запасной стреле, у третьего ― пищаль. [А. Н. Толстой. Петр Первый. Книга вторая (1933)] [омонимия не снята]
2;За спиною у него сильный охотничий лук. [Н. С. Лесков. Некуда (1864)] [омонимия не снята]
